## Benchmark with 603979776 rows (2^29 primary, 2^26 secondary)
## Keys (expected to be unique) taken from /data/hegemans/1208m39.bin
## (below metadata added retroactively for analysis)
# p_log_entries = 29
# s_log_entries = 26
###
table,operation,positive_ratio,rw,pbs,sbs,0.5,0.6,0.7,0.8,0.85,0.9,0.95
iceberg,find,   0,16,  8,  4, 49.484798, 56.815960, nan, nan, nan, nan, nan
iceberg,find, 0.5,16,  8,  4, 47.165665, 52.807125, nan, nan, nan, nan, nan
iceberg,find,0.75,16,  8,  4, 45.437950, 49.346901, nan, nan, nan, nan, nan
iceberg,find,   1,16,  8,  4, 43.676460, 45.770298, nan, nan, nan, nan, nan
iceberg,find,   0,16,  8,  4, 49.463978, 56.792862, nan, nan, nan, nan, nan
iceberg,find, 0.5,16,  8,  4, 47.170105, 52.794144, nan, nan, nan, nan, nan
iceberg,find,0.75,16,  8,  4, 45.430782, 49.336777, nan, nan, nan, nan, nan
iceberg,find,   1,16,  8,  4, 43.681107, 45.766312, nan, nan, nan, nan, nan
iceberg,find,   0,16,  8,  4, 49.465458, 56.784325, nan, nan, nan, nan, nan
iceberg,find, 0.5,16,  8,  4, 47.158733, 52.796890, nan, nan, nan, nan, nan
iceberg,find,0.75,16,  8,  4, 45.433971, 49.337914, nan, nan, nan, nan, nan
iceberg,find,   1,16,  8,  4, 43.682602, 45.760162, nan, nan, nan, nan, nan
iceberg,find,   0,16,  8,  4, 49.461361, 56.768967, nan, nan, nan, nan, nan
iceberg,find, 0.5,16,  8,  4, 47.160091, 52.786747, nan, nan, nan, nan, nan
iceberg,find,0.75,16,  8,  4, 45.431580, 49.339279, nan, nan, nan, nan, nan
iceberg,find,   1,16,  8,  4, 43.680653, 45.770069, nan, nan, nan, nan, nan
iceberg,find,   0,16,  8,  4, 49.464890, 56.768604, nan, nan, nan, nan, nan
iceberg,find, 0.5,16,  8,  4, 47.177589, 52.783901, nan, nan, nan, nan, nan
iceberg,find,0.75,16,  8,  4, 45.420090, 49.295475, nan, nan, nan, nan, nan
iceberg,find,   1,16,  8,  4, 43.676788, 45.754173, nan, nan, nan, nan, nan
iceberg,put,,16,  8,  4, 116.096573, 141.632568, nan, nan, nan, nan, nan
iceberg,put,,16,  8,  4, 116.011002, 141.343063, nan, nan, nan, nan, nan
iceberg,put,,16,  8,  4, 116.024902, 141.270187, nan, nan, nan, nan, nan
iceberg,put,,16,  8,  4, 116.125458, 141.422455, nan, nan, nan, nan, nan
iceberg,put,,16,  8,  4, 116.018311, 141.356781, nan, nan, nan, nan, nan
iceberg,fop,   0,16,  8,  4, 161.195526, 176.815277, nan, nan, nan, nan, nan
iceberg,fop, 0.5,16,  8,  4, 91.468536, 107.143837, nan, nan, nan, nan, nan
iceberg,fop,0.75,16,  8,  4, nan, nan, nan, nan, nan, nan, nan
iceberg,fop,   1,16,  8,  4, nan, nan, nan, nan, nan, nan, nan
iceberg,fop,   0,16,  8,  4, 161.179092, 176.960144, nan, nan, nan, nan, nan
iceberg,fop, 0.5,16,  8,  4, 91.463242, 107.124619, nan, nan, nan, nan, nan
iceberg,fop,0.75,16,  8,  4, nan, nan, nan, nan, nan, nan, nan
iceberg,fop,   1,16,  8,  4, nan, nan, nan, nan, nan, nan, nan
iceberg,fop,   0,16,  8,  4, 161.155853, 176.828201, nan, nan, nan, nan, nan
iceberg,fop, 0.5,16,  8,  4, 91.462212, 107.128410, nan, nan, nan, nan, nan
iceberg,fop,0.75,16,  8,  4, nan, nan, nan, nan, nan, nan, nan
iceberg,fop,   1,16,  8,  4, nan, nan, nan, nan, nan, nan, nan
iceberg,fop,   0,16,  8,  4, 161.137070, 176.917358, nan, nan, nan, nan, nan
iceberg,fop, 0.5,16,  8,  4, 91.477768, 107.132812, nan, nan, nan, nan, nan
iceberg,fop,0.75,16,  8,  4, nan, nan, nan, nan, nan, nan, nan
iceberg,fop,   1,16,  8,  4, nan, nan, nan, nan, nan, nan, nan
iceberg,fop,   0,16,  8,  4, 161.297302, 177.012466, nan, nan, nan, nan, nan
iceberg,fop, 0.5,16,  8,  4, 91.474701, 107.119110, nan, nan, nan, nan, nan
iceberg,fop,0.75,16,  8,  4, nan, nan, nan, nan, nan, nan, nan
iceberg,fop,   1,16,  8,  4, nan, nan, nan, nan, nan, nan, nan
iceberg,find,   0,32,  8,  4, 49.617577, 56.920044, nan, nan, nan, nan, nan
iceberg,find, 0.5,32,  8,  4, 47.308685, 52.953999, nan, nan, nan, nan, nan
iceberg,find,0.75,32,  8,  4, 45.582680, 49.496861, nan, nan, nan, nan, nan
iceberg,find,   1,32,  8,  4, 43.832436, 45.918777, nan, nan, nan, nan, nan
iceberg,find,   0,32,  8,  4, 49.619850, 56.921543, nan, nan, nan, nan, nan
iceberg,find, 0.5,32,  8,  4, 47.333832, 52.939316, nan, nan, nan, nan, nan
iceberg,find,0.75,32,  8,  4, 45.589958, 49.489693, nan, nan, nan, nan, nan
iceberg,find,   1,32,  8,  4, 43.843014, 45.919235, nan, nan, nan, nan, nan
iceberg,find,   0,32,  8,  4, 49.624065, 56.925068, nan, nan, nan, nan, nan
iceberg,find, 0.5,32,  8,  4, 47.326210, 52.950130, nan, nan, nan, nan, nan
iceberg,find,0.75,32,  8,  4, 45.593258, 49.499607, nan, nan, nan, nan, nan
iceberg,find,   1,32,  8,  4, 43.846058, 45.929016, nan, nan, nan, nan, nan
iceberg,find,   0,32,  8,  4, 49.620316, 56.918110, nan, nan, nan, nan, nan
iceberg,find, 0.5,32,  8,  4, 47.327347, 52.938980, nan, nan, nan, nan, nan
iceberg,find,0.75,32,  8,  4, 45.593613, 49.504143, nan, nan, nan, nan, nan
iceberg,find,   1,32,  8,  4, 43.835953, 45.924122, nan, nan, nan, nan, nan
iceberg,find,   0,32,  8,  4, 49.622696, 56.928257, nan, nan, nan, nan, nan
iceberg,find, 0.5,32,  8,  4, 47.338039, 52.946373, nan, nan, nan, nan, nan
iceberg,find,0.75,32,  8,  4, 45.598461, 49.496750, nan, nan, nan, nan, nan
iceberg,find,   1,32,  8,  4, 43.837894, 45.929813, nan, nan, nan, nan, nan
iceberg,put,,32,  8,  4, 116.054550, 141.368408, nan, nan, nan, nan, nan
iceberg,put,,32,  8,  4, 116.160728, 141.374542, nan, nan, nan, nan, nan
iceberg,put,,32,  8,  4, 116.076538, 141.319382, nan, nan, nan, nan, nan
iceberg,put,,32,  8,  4, 116.002350, 141.322784, nan, nan, nan, nan, nan
iceberg,put,,32,  8,  4, 116.075966, 141.360443, nan, nan, nan, nan, nan
iceberg,fop,   0,32,  8,  4, 161.371658, 176.746811, nan, nan, nan, nan, nan
iceberg,fop, 0.5,32,  8,  4, 355.906403, 136.935394, nan, nan, nan, nan, nan
iceberg,fop,0.75,32,  8,  4, nan, nan, nan, nan, nan, nan, nan
iceberg,fop,   1,32,  8,  4, nan, nan, nan, nan, nan, nan, nan
iceberg,fop,   0,32,  8,  4, 161.385605, 176.849243, nan, nan, nan, nan, nan
iceberg,fop, 0.5,32,  8,  4, 91.784081, 107.329796, nan, nan, nan, nan, nan
iceberg,fop,0.75,32,  8,  4, nan, nan, nan, nan, nan, nan, nan
iceberg,fop,   1,32,  8,  4, nan, nan, nan, nan, nan, nan, nan
iceberg,fop,   0,32,  8,  4, 161.395370, 176.880173, nan, nan, nan, nan, nan
iceberg,fop, 0.5,32,  8,  4, 239.900085, 260.776825, nan, nan, nan, nan, nan
iceberg,fop,0.75,32,  8,  4, nan, nan, nan, nan, nan, nan, nan
iceberg,fop,   1,32,  8,  4, nan, nan, nan, nan, nan, nan, nan
iceberg,fop,   0,32,  8,  4, 161.322830, 176.943863, nan, nan, nan, nan, nan
iceberg,fop, 0.5,32,  8,  4, 91.779427, 107.338608, nan, nan, nan, nan, nan
iceberg,fop,0.75,32,  8,  4, nan, nan, nan, nan, nan, nan, nan
iceberg,fop,   1,32,  8,  4, nan, nan, nan, nan, nan, nan, nan
iceberg,fop,   0,32,  8,  4, 161.451889, 176.854553, nan, nan, nan, nan, nan
iceberg,fop, 0.5,32,  8,  4, 91.789673, 107.335327, nan, nan, nan, nan, nan
iceberg,fop,0.75,32,  8,  4, nan, nan, nan, nan, nan, nan, nan
iceberg,fop,   1,32,  8,  4, nan, nan, nan, nan, nan, nan, nan
cuckoo,find,   0,32,  8,  0, 39.909832, 42.926651, 48.610874, 58.710587, 66.280334, 76.183098, nan
cuckoo,find, 0.5,32,  8,  0, 39.030899, 40.753380, 44.039165, 50.012615, 54.663754, 61.089565, nan
cuckoo,find,0.75,32,  8,  0, 38.628010, 39.763855, 41.988323, 46.198997, 49.628391, 54.659073, nan
cuckoo,find,   1,32,  8,  0, 38.212814, 38.770802, 39.954319, 42.454926, 44.721039, 48.393444, nan
cuckoo,find,   0,32,  8,  0, 39.915176, 42.924259, 48.614513, 58.711494, 66.240593, 76.153969, nan
cuckoo,find, 0.5,32,  8,  0, 39.034767, 40.751671, 44.037487, 50.009087, 54.645172, 61.065105, nan
cuckoo,find,0.75,32,  8,  0, 38.621296, 39.756344, 41.989578, 46.202991, 49.623493, 54.635635, nan
cuckoo,find,   1,32,  8,  0, 38.209309, 38.763863, 39.948517, 42.456406, 44.707611, 48.384598, nan
cuckoo,find,   0,32,  8,  0, 39.905167, 42.911858, 48.593807, 58.690105, 66.239151, 76.139977, nan
cuckoo,find, 0.5,32,  8,  0, 39.028965, 40.745644, 44.023468, 49.996117, 54.632561, 61.075668, nan
cuckoo,find,0.75,32,  8,  0, 38.611511, 39.755322, 41.981838, 46.195026, 49.605061, 54.641449, nan
cuckoo,find,   1,32,  8,  0, 38.206123, 38.765568, 39.951588, 42.447418, 44.703175, 48.378651, nan
cuckoo,find,   0,32,  8,  0, 39.908127, 42.919937, 48.603931, 58.693630, 66.239944, 76.155876, nan
cuckoo,find, 0.5,32,  8,  0, 39.032944, 40.750080, 44.043152, 50.007835, 54.634495, 61.053955, nan
cuckoo,find,0.75,32,  8,  0, 38.620163, 39.754410, 41.979565, 46.190704, 49.605747, 54.637909, nan
cuckoo,find,   1,32,  8,  0, 38.205441, 38.763290, 39.946335, 42.446590, 44.697372, 48.364315, nan
cuckoo,find,   0,32,  8,  0, 39.905964, 42.910049, 48.592785, 58.677814, 66.230270, 76.133629, nan
cuckoo,find, 0.5,32,  8,  0, 39.030670, 40.742455, 44.025284, 50.003059, 54.638138, 61.060555, nan
cuckoo,find,0.75,32,  8,  0, 38.622913, 39.760098, 41.986504, 46.196053, 49.611790, 54.642685, nan
cuckoo,find,   1,32,  8,  0, 38.209877, 38.765568, 39.951927, 42.452309, 44.712730, 48.393127, nan
cuckoo,put,,32,  8,  0, 102.884811, 125.232162, 150.053528, 180.419159, 200.010773, 225.343353, nan
cuckoo,put,,32,  8,  0, 102.981461, 125.241547, 150.205292, 180.622528, 199.884674, 225.287384, nan
cuckoo,put,,32,  8,  0, 102.836792, 125.249702, 150.073914, 180.481918, 199.890869, 225.204773, nan
cuckoo,put,,32,  8,  0, 102.798782, 125.088867, 150.016510, 180.387497, 199.826248, 225.228531, nan
cuckoo,put,,32,  8,  0, 102.885674, 125.227989, 150.149918, 180.423172, 199.868515, 225.180420, nan
cuckoo,fop,   0,32,  8,  0, 2265.583008, 2333.972168, 2383.756836, 2439.153320, 2470.510986, 2237.905029, nan
cuckoo,fop, 0.5,32,  8,  0, 2135.514648, 2149.628906, 2204.516113, 2264.516113, 2327.798584, 2301.831299, nan
cuckoo,fop,0.75,32,  8,  0, 2228.051270, 2210.859863, 2216.929199, 2254.744873, 2291.318604, nan, nan
cuckoo,fop,   1,32,  8,  0, nan, nan, nan, nan, nan, nan, nan
cuckoo,fop,   0,32,  8,  0, 2173.468750, 2336.618652, 2382.411621, 2441.219727, 2472.690918, 2152.143799, nan
cuckoo,fop, 0.5,32,  8,  0, 2121.519043, 2150.551758, 2207.653809, 2267.957764, 2311.489502, 2317.349121, nan
cuckoo,fop,0.75,32,  8,  0, 2225.011230, 2216.552734, 2222.227539, 2252.946289, 2293.665771, nan, nan
cuckoo,fop,   1,32,  8,  0, nan, nan, nan, nan, nan, nan, nan
cuckoo,fop,   0,32,  8,  0, 2174.245117, 2338.749023, 2387.578125, 2444.062744, 2475.565918, 2490.040527, nan
cuckoo,fop, 0.5,32,  8,  0, 2139.471436, 2151.858398, 2209.244385, 2267.071045, 2332.176758, 2299.921143, nan
cuckoo,fop,0.75,32,  8,  0, 2233.361084, 2213.813965, 2215.556885, 2256.094971, 2292.489258, nan, nan
cuckoo,fop,   1,32,  8,  0, nan, nan, nan, nan, nan, nan, nan
cuckoo,fop,   0,32,  8,  0, 2174.422852, 2339.225098, 2386.622803, 2443.001953, 2474.373291, 2145.354492, nan
cuckoo,fop, 0.5,32,  8,  0, 2104.810547, 2151.783203, 2206.245117, 2266.743164, 2351.071533, 2308.064453, nan
cuckoo,fop,0.75,32,  8,  0, 2225.177246, 2218.821289, 2221.861572, 2252.689209, 2293.987549, nan, nan
cuckoo,fop,   1,32,  8,  0, nan, nan, nan, nan, nan, nan, nan
cuckoo,fop,   0,32,  8,  0, 2265.827637, 2339.000732, 2388.778809, 2446.343994, 2474.809570, 2490.407227, nan
cuckoo,fop, 0.5,32,  8,  0, 2140.391846, 2151.188477, 2207.752197, 2267.641846, 2349.299805, 2301.277100, nan
cuckoo,fop,0.75,32,  8,  0, 2226.997070, 2216.843994, 2217.700195, 2253.530518, 2293.540527, nan, nan
cuckoo,fop,   1,32,  8,  0, nan, nan, nan, nan, nan, nan, nan
iceberg,find,   0,64,  8,  4, 50.423809, 57.800022, nan, nan, nan, nan, nan
iceberg,find, 0.5,64,  8,  4, 48.118439, 53.791176, nan, nan, nan, nan, nan
iceberg,find,0.75,64,  8,  4, 46.373318, 50.318905, nan, nan, nan, nan, nan
iceberg,find,   1,64,  8,  4, 44.611355, 46.713516, nan, nan, nan, nan, nan
iceberg,find,   0,64,  8,  4, 50.431553, 57.811062, nan, nan, nan, nan, nan
iceberg,find, 0.5,64,  8,  4, 48.115940, 53.790947, nan, nan, nan, nan, nan
iceberg,find,0.75,64,  8,  4, 46.371159, 50.316059, nan, nan, nan, nan, nan
iceberg,find,   1,64,  8,  4, 44.616474, 46.707260, nan, nan, nan, nan, nan
iceberg,find,   0,64,  8,  4, 50.426083, 57.815605, nan, nan, nan, nan, nan
iceberg,find, 0.5,64,  8,  4, 48.118557, 53.792995, nan, nan, nan, nan, nan
iceberg,find,0.75,64,  8,  4, 46.371269, 50.315151, nan, nan, nan, nan, nan
iceberg,find,   1,64,  8,  4, 44.613861, 46.704979, nan, nan, nan, nan, nan
iceberg,find,   0,64,  8,  4, 50.437347, 57.801163, nan, nan, nan, nan, nan
iceberg,find, 0.5,64,  8,  4, 48.112640, 53.788330, nan, nan, nan, nan, nan
iceberg,find,0.75,64,  8,  4, 46.375366, 50.305023, nan, nan, nan, nan, nan
iceberg,find,   1,64,  8,  4, 44.610332, 46.711353, nan, nan, nan, nan, nan
iceberg,find,   0,64,  8,  4, 50.433365, 57.806404, nan, nan, nan, nan, nan
iceberg,find, 0.5,64,  8,  4, 48.122509, 53.783436, nan, nan, nan, nan, nan
iceberg,find,0.75,64,  8,  4, 46.376507, 50.304569, nan, nan, nan, nan, nan
iceberg,find,   1,64,  8,  4, 44.612041, 46.712833, nan, nan, nan, nan, nan
iceberg,put,,64,  8,  4, 1670.898071, 1861.229004, nan, nan, nan, nan, nan
iceberg,put,,64,  8,  4, 1687.003418, 1823.285156, nan, nan, nan, nan, nan
iceberg,put,,64,  8,  4, 1659.065063, 1828.987183, nan, nan, nan, nan, nan
iceberg,put,,64,  8,  4, 1672.165283, 1828.889526, nan, nan, nan, nan, nan
iceberg,put,,64,  8,  4, 1678.910767, 1822.314209, nan, nan, nan, nan, nan
iceberg,fop,   0,64,  8,  4, 1681.030518, 1700.239014, nan, nan, nan, nan, nan
iceberg,fop, 0.5,64,  8,  4, 696.571655, 710.920837, nan, nan, nan, nan, nan
iceberg,fop,0.75,64,  8,  4, nan, nan, nan, nan, nan, nan, nan
iceberg,fop,   1,64,  8,  4, nan, nan, nan, nan, nan, nan, nan
iceberg,fop,   0,64,  8,  4, 1686.622681, 1697.146240, nan, nan, nan, nan, nan
iceberg,fop, 0.5,64,  8,  4, 695.347900, 710.562622, nan, nan, nan, nan, nan
iceberg,fop,0.75,64,  8,  4, nan, nan, nan, nan, nan, nan, nan
iceberg,fop,   1,64,  8,  4, nan, nan, nan, nan, nan, nan, nan
iceberg,fop,   0,64,  8,  4, 1680.118164, 1699.439941, nan, nan, nan, nan, nan
iceberg,fop, 0.5,64,  8,  4, 695.015503, 709.867188, nan, nan, nan, nan, nan
iceberg,fop,0.75,64,  8,  4, nan, nan, nan, nan, nan, nan, nan
iceberg,fop,   1,64,  8,  4, nan, nan, nan, nan, nan, nan, nan
iceberg,fop,   0,64,  8,  4, 1684.737793, 1698.115112, nan, nan, nan, nan, nan
iceberg,fop, 0.5,64,  8,  4, 701.013550, 706.760864, nan, nan, nan, nan, nan
iceberg,fop,0.75,64,  8,  4, nan, nan, nan, nan, nan, nan, nan
iceberg,fop,   1,64,  8,  4, nan, nan, nan, nan, nan, nan, nan
iceberg,fop,   0,64,  8,  4, 1679.573364, 1697.311768, nan, nan, nan, nan, nan
iceberg,fop, 0.5,64,  8,  4, 701.764038, 715.974548, nan, nan, nan, nan, nan
iceberg,fop,0.75,64,  8,  4, nan, nan, nan, nan, nan, nan, nan
iceberg,fop,   1,64,  8,  4, nan, nan, nan, nan, nan, nan, nan
cuckoo,find,   0,64,  8,  0, 40.645290, 43.706936, 49.538845, 59.878628, 67.591278, 77.784973, nan
cuckoo,find, 0.5,64,  8,  0, 39.737476, 41.468132, 44.722176, 50.506523, 54.902897, 60.842781, nan
cuckoo,find,0.75,64,  8,  0, 39.319893, 40.422741, 42.506580, 46.231667, 49.115490, 53.163689, nan
cuckoo,find,   1,64,  8,  0, 38.900509, 39.391914, 40.308147, 42.014606, 43.425877, 45.609985, nan
cuckoo,find,   0,64,  8,  0, 40.629360, 43.711468, 49.541004, 59.874416, 67.597313, 77.783836, nan
cuckoo,find, 0.5,64,  8,  0, 39.736092, 41.464603, 44.718990, 50.506069, 54.900738, 60.849529, nan
cuckoo,find,0.75,64,  8,  0, 39.313499, 40.427631, 42.505329, 46.230850, 49.124008, 53.170502, nan
cuckoo,find,   1,64,  8,  0, 38.892200, 39.393166, 40.313175, 42.024845, 43.412025, 45.601566, nan
cuckoo,find,   0,64,  8,  0, 40.631527, 43.718315, 49.534748, 59.877518, 67.585022, 77.774734, nan
cuckoo,find, 0.5,64,  8,  0, 39.737461, 41.467674, 44.711369, 50.503113, 54.890270, 60.843010, nan
cuckoo,find,0.75,64,  8,  0, 39.316139, 40.424450, 42.497501, 46.235420, 49.117069, 53.163918, nan
cuckoo,find,   1,64,  8,  0, 38.893570, 39.391800, 40.319546, 42.021988, 43.421810, 45.612827, nan
cuckoo,find,   0,64,  8,  0, 40.624924, 43.708275, 49.544987, 59.872147, 67.582977, 77.793854, nan
cuckoo,find, 0.5,64,  8,  0, 39.727787, 41.455048, 44.721493, 50.508228, 54.892887, 60.849716, nan
cuckoo,find,0.75,64,  8,  0, 39.320236, 40.421947, 42.503166, 46.224953, 49.116386, 53.165512, nan
cuckoo,find,   1,64,  8,  0, 38.890152, 39.384842, 40.318180, 42.024616, 43.427841, 45.605206, nan
cuckoo,find,   0,64,  8,  0, 40.633003, 43.711033, 49.535885, 59.870308, 67.595833, 77.790894, nan
cuckoo,find, 0.5,64,  8,  0, 39.735752, 41.481216, 44.721268, 50.505501, 54.901417, 60.839592, nan
cuckoo,find,0.75,64,  8,  0, 39.321259, 40.424561, 42.504078, 46.225975, 49.124805, 53.159592, nan
cuckoo,find,   1,64,  8,  0, 38.896526, 39.386795, 40.315109, 42.027576, 43.428864, 45.614990, nan
cuckoo,put,,64,  8,  0, 1573.487793, 1731.702026, 1879.104370, 2059.014160, 2131.931396, 2225.294678, nan
cuckoo,put,,64,  8,  0, 1573.654663, 1725.650757, 1884.664307, 2038.985229, 2129.502930, 2207.665771, nan
cuckoo,put,,64,  8,  0, 1574.709473, 1766.784058, 1881.300537, 2038.439209, 2122.627686, 2241.581543, nan
cuckoo,put,,64,  8,  0, 1603.920166, 1726.836548, 1909.675171, 2039.530396, 2139.429443, 2208.390625, nan
cuckoo,put,,64,  8,  0, 1575.095093, 1724.971313, 1900.461182, 2048.715576, 2121.483643, 2225.461914, nan
cuckoo,fop,   0,64,  8,  0, 2732.979736, 2786.685791, 2839.427734, 2896.279053, 2930.511230, 2965.658691, nan
cuckoo,fop, 0.5,64,  8,  0, 2313.434326, 2375.178711, 2421.760010, 2489.182861, 2518.758789, 2563.031006, nan
cuckoo,fop,0.75,64,  8,  0, 2374.238770, 2442.344971, 2380.097168, 2473.784912, 2444.843262, 2551.094971, nan
cuckoo,fop,   1,64,  8,  0, nan, nan, nan, nan, nan, nan, nan
cuckoo,fop,   0,64,  8,  0, 2650.732178, 2785.826416, 2840.830811, 2895.022461, 2929.331299, 2963.631348, nan
cuckoo,fop, 0.5,64,  8,  0, 2311.229492, 2373.140625, 2423.793457, 2491.340332, 2515.054199, 2561.098633, nan
cuckoo,fop,0.75,64,  8,  0, 2374.105469, 2443.463623, 2376.566406, 2478.971680, 2444.274170, 2553.027588, nan
cuckoo,fop,   1,64,  8,  0, nan, nan, nan, nan, nan, nan, nan
cuckoo,fop,   0,64,  8,  0, 2650.577148, 2789.117676, 2833.895020, 2893.560059, 2925.679932, 2968.698486, nan
cuckoo,fop, 0.5,64,  8,  0, 2311.963623, 2377.689697, 2420.714111, 2489.025879, 2514.254395, 2564.670410, nan
cuckoo,fop,0.75,64,  8,  0, 2376.985107, 2442.036133, 2374.937500, 2476.197021, 2443.180176, 2555.362549, nan
cuckoo,fop,   1,64,  8,  0, nan, nan, nan, nan, nan, nan, nan
cuckoo,fop,   0,64,  8,  0, 2651.199219, 2786.226562, 2841.252441, 2897.320801, 2928.475586, 2967.672852, nan
cuckoo,fop, 0.5,64,  8,  0, 2314.648926, 2375.441406, 2423.324707, 2487.590820, 2514.000488, 2562.175293, nan
cuckoo,fop,0.75,64,  8,  0, 2371.743164, 2442.163330, 2373.152832, 2479.301270, 2447.270264, 2553.418701, nan
cuckoo,fop,   1,64,  8,  0, nan, nan, nan, nan, nan, nan, nan
cuckoo,fop,   0,64,  8,  0, 2650.783936, 2789.006836, 2837.082031, 2895.678955, 2931.954102, 2968.553711, nan
cuckoo,fop, 0.5,64,  8,  0, 2313.057129, 2374.355713, 2421.697021, 2485.274902, 2523.794922, 2567.594238, nan
cuckoo,fop,0.75,64,  8,  0, 2374.268066, 2445.153564, 2375.191162, 2478.490234, 2447.495605, 2553.686768, nan
cuckoo,fop,   1,64,  8,  0, nan, nan, nan, nan, nan, nan, nan
iceberg,find,   0,16, 16,  8, 44.959743, 49.771862, 59.203815, 72.326218, 79.475601, nan, nan
iceberg,find, 0.5,16, 16,  8, 44.126434, 47.313465, 54.157883, 64.843781, 71.203041, nan, nan
iceberg,find,0.75,16, 16,  8, 43.619217, 45.591438, 50.167011, 57.905266, 62.888279, nan, nan
iceberg,find,   1,16, 16,  8, 43.104824, 43.887955, 46.093994, 50.590717, 53.874928, nan, nan
iceberg,find,   0,16, 16,  8, 44.946774, 49.768108, 59.173435, 72.325470, 79.433846, nan, nan
iceberg,find, 0.5,16, 16,  8, 44.113464, 47.300037, 54.168690, 64.826332, 71.162766, nan, nan
iceberg,find,0.75,16, 16,  8, 43.620804, 45.598038, 50.150513, 57.893661, 62.850506, nan, nan
iceberg,find,   1,16, 16,  8, 43.111767, 43.856552, 46.076584, 50.562614, 53.861374, nan, nan
iceberg,find,   0,16, 16,  8, 44.954624, 49.773567, 59.186295, 72.270714, 79.401871, nan, nan
iceberg,find, 0.5,16, 16,  8, 44.114830, 47.286499, 54.146164, 64.807938, 71.146721, nan, nan
iceberg,find,0.75,16, 16,  8, 43.594524, 45.570389, 50.123550, 57.880234, 62.844360, nan, nan
iceberg,find,   1,16, 16,  8, 43.084232, 43.857693, 46.062363, 50.563869, 53.851135, nan, nan
iceberg,find,   0,16, 16,  8, 44.934258, 49.742508, 59.187553, 72.267075, 79.357269, nan, nan
iceberg,find, 0.5,16, 16,  8, 44.113235, 47.278648, 54.138878, 64.810776, 71.145699, nan, nan
iceberg,find,0.75,16, 16,  8, 43.606701, 45.569595, 50.118313, 57.873184, 62.837055, nan, nan
iceberg,find,   1,16, 16,  8, 43.084686, 43.856327, 46.058609, 50.560909, 53.842224, nan, nan
iceberg,find,   0,16, 16,  8, 44.950527, 49.750244, 59.182991, 72.278130, 79.394363, nan, nan
iceberg,find, 0.5,16, 16,  8, 44.119156, 47.277283, 54.138664, 64.799629, 71.148415, nan, nan
iceberg,find,0.75,16, 16,  8, 43.592819, 45.568344, 50.124119, 57.868855, 62.841965, nan, nan
iceberg,find,   1,16, 16,  8, 43.078087, 43.854984, 46.061661, 50.554428, 53.841690, nan, nan
iceberg,put,,16, 16,  8, 112.015404, 134.986511, 159.376572, 185.829453, 200.611740, nan, nan
iceberg,put,,16, 16,  8, 112.036911, 134.852234, 159.520401, 186.314072, 200.589630, nan, nan
iceberg,put,,16, 16,  8, 111.925476, 135.108002, 159.539139, 186.177841, 200.355362, nan, nan
iceberg,put,,16, 16,  8, 111.892006, 135.087555, 159.335693, 186.308609, 200.339417, nan, nan
iceberg,put,,16, 16,  8, 111.985077, 134.999512, 159.522888, 186.273056, 200.379013, nan, nan
iceberg,fop,   0,16, 16,  8, 156.312866, 170.223740, 185.798401, 202.978973, 212.993652, nan, nan
iceberg,fop, 0.5,16, 16,  8, 90.302689, 103.969719, 119.024063, 136.684067, 146.475906, nan, nan
iceberg,fop,0.75,16, 16,  8, 96.250763, 96.250900, 96.253120, 104.788757, 114.468857, nan, nan
iceberg,fop,   1,16, 16,  8, nan, nan, nan, nan, nan, nan, nan
iceberg,fop,   0,16, 16,  8, 156.525467, 170.355896, 185.988876, 203.407928, 213.656082, nan, nan
iceberg,fop, 0.5,16, 16,  8, 90.325340, 103.868309, 119.205109, 136.699661, 146.739990, nan, nan
iceberg,fop,0.75,16, 16,  8, 96.258820, 96.247459, 96.253555, 104.931526, 114.576920, nan, nan
iceberg,fop,   1,16, 16,  8, nan, nan, nan, nan, nan, nan, nan
iceberg,fop,   0,16, 16,  8, 156.525894, 170.408936, 186.023758, 203.677078, 213.148376, nan, nan
iceberg,fop, 0.5,16, 16,  8, 90.318939, 104.043983, 119.157227, 136.395538, 146.365448, nan, nan
iceberg,fop,0.75,16, 16,  8, 96.251167, 96.252350, 96.254295, 104.882851, 114.352257, nan, nan
iceberg,fop,   1,16, 16,  8, nan, nan, nan, nan, nan, nan, nan
iceberg,fop,   0,16, 16,  8, 156.726517, 170.613831, 185.939148, 203.556198, 213.361984, nan, nan
iceberg,fop, 0.5,16, 16,  8, 90.317001, 104.027145, 119.094513, 136.794449, 146.431015, nan, nan
iceberg,fop,0.75,16, 16,  8, 96.255653, 96.251205, 96.251610, 105.010246, 114.320190, nan, nan
iceberg,fop,   1,16, 16,  8, nan, nan, nan, nan, nan, nan, nan
iceberg,fop,   0,16, 16,  8, 156.576614, 170.439667, 186.434097, 203.776215, 213.641739, nan, nan
iceberg,fop, 0.5,16, 16,  8, 90.325081, 104.092773, 119.292099, 136.531052, 146.853973, nan, nan
iceberg,fop,0.75,16, 16,  8, 96.266006, 96.259056, 96.257324, 104.846687, 114.393890, nan, nan
iceberg,fop,   1,16, 16,  8, nan, nan, nan, nan, nan, nan, nan
iceberg,find,   0,32, 16,  8, 45.708061, 50.540081, 60.077168, 73.231926, 80.376038, nan, nan
iceberg,find, 0.5,32, 16,  8, 44.891705, 48.098305, 55.002567, 65.731018, 72.100609, nan, nan
iceberg,find,0.75,32, 16,  8, 44.397812, 46.377640, 50.965733, 58.748360, 63.764362, nan, nan
iceberg,find,   1,32, 16,  8, 43.895241, 44.673820, 46.895889, 51.409237, 54.701168, nan, nan
iceberg,find,   0,32, 16,  8, 45.707039, 50.543388, 60.066021, 73.243408, 80.409607, nan, nan
iceberg,find, 0.5,32, 16,  8, 44.897507, 48.098648, 55.001526, 65.753082, 72.115318, nan, nan
iceberg,find,0.75,32, 16,  8, 44.397675, 46.393688, 50.971313, 58.781582, 63.768929, nan, nan
iceberg,find,   1,32, 16,  8, 43.906048, 44.682468, 46.890121, 51.422661, 54.728249, nan, nan
iceberg,find,   0,32, 16,  8, 45.699974, 50.556702, 60.089458, 73.241600, 80.396515, nan, nan
iceberg,find, 0.5,32, 16,  8, 44.895313, 48.094551, 55.022476, 65.748199, 72.108261, nan, nan
iceberg,find,0.75,32, 16,  8, 44.397110, 46.392094, 50.978252, 58.769524, 63.776428, nan, nan
iceberg,find,   1,32, 16,  8, 43.898994, 44.681103, 46.899654, 51.423573, 54.724720, nan, nan
iceberg,find,   0,32, 16,  8, 45.702255, 50.545437, 60.082172, 73.238869, 80.395493, nan, nan
iceberg,find, 0.5,32, 16,  8, 44.896255, 48.100807, 54.996666, 65.742378, 72.113037, nan, nan
iceberg,find,0.75,32, 16,  8, 44.398026, 46.383579, 50.979954, 58.768608, 63.777912, nan, nan
iceberg,find,   1,32, 16,  8, 43.904568, 44.677917, 46.890438, 51.416634, 54.709362, nan, nan
iceberg,find,   0,32, 16,  8, 45.690655, 50.548393, 60.086502, 73.237396, 80.379562, nan, nan
iceberg,find, 0.5,32, 16,  8, 44.893982, 48.099781, 55.015652, 65.746490, 72.112221, nan, nan
iceberg,find,0.75,32, 16,  8, 44.397453, 46.384697, 50.972332, 58.777031, 63.785076, nan, nan
iceberg,find,   1,32, 16,  8, 43.897598, 44.676323, 46.887936, 51.411285, 54.717327, nan, nan
iceberg,put,,32, 16,  8, 114.642227, 138.377594, 163.400742, 190.829865, 205.721008, nan, nan
iceberg,put,,32, 16,  8, 114.669418, 138.304306, 163.420029, 190.939117, 205.732498, nan, nan
iceberg,put,,32, 16,  8, 114.717773, 138.363434, 163.357651, 190.931015, 205.744690, nan, nan
iceberg,put,,32, 16,  8, 114.735756, 138.319336, 163.390182, 190.892242, 205.711594, nan, nan
iceberg,put,,32, 16,  8, 114.797691, 138.336426, 163.410019, 190.996078, 205.836349, nan, nan
iceberg,fop,   0,32, 16,  8, 159.956070, 174.420547, 190.501862, 208.866058, 219.139496, nan, nan
iceberg,fop, 0.5,32, 16,  8, 121.106308, 106.060410, 151.320877, 140.185608, 179.705505, nan, nan
iceberg,fop,0.75,32, 16,  8, 97.778214, 141.464294, 97.770271, 150.807449, 117.226143, nan, nan
iceberg,fop,   1,32, 16,  8, nan, nan, nan, nan, nan, nan, nan
iceberg,fop,   0,32, 16,  8, 160.210480, 174.546234, 190.538681, 208.892899, 219.137741, nan, nan
iceberg,fop, 0.5,32, 16,  8, 341.863770, 355.915710, 371.954315, 390.085205, 400.257050, nan, nan
iceberg,fop,0.75,32, 16,  8, 386.007172, 386.164703, 385.443024, 396.459869, 406.400085, nan, nan
iceberg,fop,   1,32, 16,  8, nan, nan, nan, nan, nan, nan, nan
iceberg,fop,   0,32, 16,  8, 159.993790, 174.393631, 190.379456, 208.848953, 219.115906, nan, nan
iceberg,fop, 0.5,32, 16,  8, 247.792175, 262.436462, 278.122070, 296.566772, 306.736237, nan, nan
iceberg,fop,0.75,32, 16,  8, 401.173248, 389.382233, 386.861389, 397.845367, 418.868988, nan, nan
iceberg,fop,   1,32, 16,  8, nan, nan, nan, nan, nan, nan, nan
iceberg,fop,   0,32, 16,  8, 160.005493, 174.518005, 190.343567, 208.797516, 219.214951, nan, nan
iceberg,fop, 0.5,32, 16,  8, 299.326904, 314.008575, 332.663971, 357.815765, 358.458527, nan, nan
iceberg,fop,0.75,32, 16,  8, 383.986084, 389.843353, 384.413971, 394.419067, 405.095520, nan, nan
iceberg,fop,   1,32, 16,  8, nan, nan, nan, nan, nan, nan, nan
iceberg,fop,   0,32, 16,  8, 160.241211, 174.448364, 190.542587, 208.860275, 219.274841, nan, nan
iceberg,fop, 0.5,32, 16,  8, 91.981697, 106.115631, 121.968178, 140.198563, 150.397385, nan, nan
iceberg,fop,0.75,32, 16,  8, 97.803101, 97.807465, 97.776085, 107.075363, 117.342125, nan, nan
iceberg,fop,   1,32, 16,  8, nan, nan, nan, nan, nan, nan, nan
cuckoo,find,   0,32, 16,  0, 39.406021, 40.616280, 44.055779, 52.157326, 59.306885, 69.785690, 85.330032
cuckoo,find, 0.5,32, 16,  0, 39.138645, 39.767498, 41.581909, 45.975666, 49.964458, 56.013481, 65.688576
cuckoo,find,0.75,32, 16,  0, 39.041016, 39.370201, 40.349239, 42.814919, 45.150208, 48.901917, 55.687737
cuckoo,find,   1,32, 16,  0, 38.925652, 39.028168, 39.273815, 39.930992, 40.687180, 42.276867, 46.359665
cuckoo,find,   0,32, 16,  0, 39.395329, 40.606281, 44.060104, 52.165291, 59.304958, 69.793907, 85.310120
cuckoo,find, 0.5,32, 16,  0, 39.143311, 39.766811, 41.584755, 45.988522, 49.963577, 56.010544, 65.685051
cuckoo,find,0.75,32, 16,  0, 39.025776, 39.369862, 40.348331, 42.817764, 45.145088, 48.903835, 55.688873
cuckoo,find,   1,32, 16,  0, 38.926563, 39.028507, 39.277794, 39.924168, 40.681332, 42.273563, 46.364330
cuckoo,find,   0,32, 16,  0, 39.392597, 40.609791, 44.058056, 52.162674, 59.308830, 69.788788, 85.304321
cuckoo,find, 0.5,32, 16,  0, 39.141262, 39.765450, 41.588963, 45.986134, 49.965851, 56.016441, 65.680038
cuckoo,find,0.75,32, 16,  0, 39.030785, 39.369156, 40.356876, 42.819584, 45.141903, 48.910450, 55.688419
cuckoo,find,   1,32, 16,  0, 38.924732, 39.019859, 39.278706, 39.928604, 40.692734, 42.278336, 46.361374
cuckoo,find,   0,32, 16,  0, 39.396236, 40.606606, 44.053276, 52.158691, 59.328629, 69.783897, 85.311829
cuckoo,find, 0.5,32, 16,  0, 39.151169, 39.777279, 41.577812, 45.973068, 49.966873, 56.009171, 65.680153
cuckoo,find,0.75,32, 16,  0, 39.021111, 39.363472, 40.343323, 42.800922, 45.148273, 48.900665, 55.685234
cuckoo,find,   1,32, 16,  0, 38.911087, 39.012009, 39.262321, 39.912674, 40.677376, 42.274704, 46.359779
cuckoo,find,   0,32, 16,  0, 39.411369, 40.611839, 44.055668, 52.160172, 59.306099, 69.781372, 85.313309
cuckoo,find, 0.5,32, 16,  0, 39.142628, 39.768177, 41.579517, 45.984768, 49.965622, 56.014278, 65.682655
cuckoo,find,0.75,32, 16,  0, 39.023182, 39.370525, 40.355045, 42.806499, 45.144634, 48.902599, 55.687965
cuckoo,find,   1,32, 16,  0, 38.920990, 39.026802, 39.263706, 39.926907, 40.686817, 42.276867, 46.365353
cuckoo,put,,32, 16,  0, 101.744164, 122.477875, 144.234192, 169.186829, 184.358002, 203.427139, 231.873672
cuckoo,put,,32, 16,  0, 101.771690, 122.549576, 144.349274, 169.312683, 184.500885, 203.388245, 231.936111
cuckoo,put,,32, 16,  0, 101.697235, 122.452179, 144.317810, 169.221130, 184.359329, 203.280899, 231.900604
cuckoo,put,,32, 16,  0, 101.754433, 122.364433, 144.359863, 169.120667, 184.320877, 203.337387, 231.841629
cuckoo,put,,32, 16,  0, 101.669525, 122.459442, 144.334717, 169.200851, 184.309296, 203.249863, 231.847000
cuckoo,fop,   0,32, 16,  0, 2291.058105, 2363.875977, 2408.404541, 2459.919189, 2488.172852, 2491.076416, 2532.888184
cuckoo,fop, 0.5,32, 16,  0, 2120.362549, 2152.661621, 2204.447021, 2229.158691, 2265.770264, 2296.308838, 2332.815186
cuckoo,fop,0.75,32, 16,  0, 2226.828857, 2117.707520, 2227.107422, 2183.219238, 2289.025391, 2238.029785, nan
cuckoo,fop,   1,32, 16,  0, nan, nan, nan, nan, nan, nan, nan
cuckoo,fop,   0,32, 16,  0, 2289.575928, 2358.506104, 2409.507812, 2387.709961, 2463.654785, 2488.903564, 2534.874512
cuckoo,fop, 0.5,32, 16,  0, 2119.991211, 2123.498779, 2197.717041, 2277.713135, 2261.708740, 2261.992432, 2336.669189
cuckoo,fop,0.75,32, 16,  0, 2140.187256, 2212.654053, 2209.784180, 2255.360352, 2204.618164, 2324.934326, nan
cuckoo,fop,   1,32, 16,  0, nan, nan, nan, nan, nan, nan, nan
cuckoo,fop,   0,32, 16,  0, 2443.846924, 2339.084473, 2407.345459, 2388.729492, 2463.129395, 2489.834473, 2532.624023
cuckoo,fop, 0.5,32, 16,  0, 2121.060791, 2157.316162, 2197.618652, 2275.012695, 2261.275635, 2290.596680, 2339.216309
cuckoo,fop,0.75,32, 16,  0, 2130.261230, 2218.695557, 2208.601807, 2253.608398, 2217.731201, 2325.644043, nan
cuckoo,fop,   1,32, 16,  0, nan, nan, nan, nan, nan, nan, nan
cuckoo,fop,   0,32, 16,  0, 2440.949951, 2338.135498, 2408.402832, 2386.456055, 2462.675293, 2487.229004, 2534.782959
cuckoo,fop, 0.5,32, 16,  0, 2120.432861, 2151.315430, 2203.200928, 2234.216797, 2267.116943, 2297.964355, 2333.747314
cuckoo,fop,0.75,32, 16,  0, 2227.876709, 2151.575195, 2219.473877, 2189.390137, 2279.976562, 2213.814941, nan
cuckoo,fop,   1,32, 16,  0, nan, nan, nan, nan, nan, nan, nan
cuckoo,fop,   0,32, 16,  0, 2293.523438, 2364.845215, 2410.646973, 2460.495850, 2442.619629, 2502.199951, 2526.673828
cuckoo,fop, 0.5,32, 16,  0, 2120.211670, 2116.477539, 2196.682129, 2273.937988, 2262.712646, 2285.180908, 2339.587158
cuckoo,fop,0.75,32, 16,  0, 2138.630859, 2212.274902, 2206.411133, 2255.968994, 2214.251709, 2324.305420, nan
cuckoo,fop,   1,32, 16,  0, nan, nan, nan, nan, nan, nan, nan
iceberg,find,   0,64, 16,  8, 50.049595, 54.204300, 63.232368, 76.521698, 83.844551, nan, nan
iceberg,find, 0.5,64, 16,  8, 49.430984, 52.130478, 58.522297, 69.058441, 75.460724, nan, nan
iceberg,find,0.75,64, 16,  8, 49.055061, 50.728619, 54.899948, 62.378437, 67.289543, nan, nan
iceberg,find,   1,64, 16,  8, 48.677662, 49.305256, 51.233448, 55.419109, 58.562332, nan, nan
iceberg,find,   0,64, 16,  8, 50.043217, 54.199867, 63.231548, 76.562546, 83.853653, nan, nan
iceberg,find, 0.5,64, 16,  8, 49.437241, 52.136242, 58.522625, 69.067070, 75.467438, nan, nan
iceberg,find,0.75,64, 16,  8, 49.058022, 50.717354, 54.890804, 62.377319, 67.297150, nan, nan
iceberg,find,   1,64, 16,  8, 48.682663, 49.307503, 51.232994, 55.426048, 58.565292, nan, nan
iceberg,find,   0,64, 16,  8, 50.043449, 54.204758, 63.233704, 76.534210, 83.850006, nan, nan
iceberg,find, 0.5,64, 16,  8, 49.431778, 52.142323, 58.522171, 69.064934, 75.465385, nan, nan
iceberg,find,0.75,64, 16,  8, 49.058361, 50.725090, 54.895275, 62.377190, 67.306046, nan, nan
iceberg,find,   1,64, 16,  8, 48.676636, 49.306965, 51.239254, 55.419098, 58.570183, nan, nan
iceberg,find,   0,64, 16,  8, 50.042652, 54.201797, 63.236893, 76.531258, 83.848076, nan, nan
iceberg,find, 0.5,64, 16,  8, 49.431210, 52.140713, 58.523308, 69.058105, 75.462769, nan, nan
iceberg,find,0.75,64, 16,  8, 49.051079, 50.721565, 54.893078, 62.374573, 67.284309, nan, nan
iceberg,find,   1,64, 16,  8, 48.680618, 49.304916, 51.235840, 55.420929, 58.565063, nan, nan
iceberg,find,   0,64, 16,  8, 50.042194, 54.202026, 63.237434, 76.538544, 83.866287, nan, nan
iceberg,find, 0.5,64, 16,  8, 49.433147, 52.136616, 58.527290, 69.052299, 75.468575, nan, nan
iceberg,find,0.75,64, 16,  8, 49.052673, 50.724411, 54.895046, 62.381512, 67.292732, nan, nan
iceberg,find,   1,64, 16,  8, 48.681870, 49.307762, 51.234474, 55.420132, 58.562561, nan, nan
iceberg,put,,64, 16,  8, 1639.662598, 1808.626465, 1982.562256, 2160.258301, 2234.987305, nan, nan
iceberg,put,,64, 16,  8, 1639.716797, 1805.298462, 1975.031860, 2147.691895, 2234.127686, nan, nan
iceberg,put,,64, 16,  8, 1643.936035, 1808.346313, 1974.402954, 2153.247559, 2242.651855, nan, nan
iceberg,put,,64, 16,  8, 1639.904907, 1807.133789, 1982.288818, 2145.758789, 2237.180908, nan, nan
iceberg,put,,64, 16,  8, 1641.723022, 1806.449097, 1975.751953, 2148.086914, 2235.708252, nan, nan
iceberg,fop,   0,64, 16,  8, 1711.629517, 1718.952759, 1746.285645, 1770.517212, 1769.417236, nan, nan
iceberg,fop, 0.5,64, 16,  8, 719.793945, 728.676941, 746.903992, 768.741028, 780.787720, nan, nan
iceberg,fop,0.75,64, 16,  8, 672.843445, 671.449951, 670.160706, 685.687256, 695.497559, nan, nan
iceberg,fop,   1,64, 16,  8, nan, nan, nan, nan, nan, nan, nan
iceberg,fop,   0,64, 16,  8, 1701.604492, 1716.038452, 1748.370972, 1757.019043, 1768.127441, nan, nan
iceberg,fop, 0.5,64, 16,  8, 713.763611, 746.478760, 745.927124, 778.328735, 780.552551, nan, nan
iceberg,fop,0.75,64, 16,  8, 669.559082, 672.085876, 677.667725, 682.869751, 697.742249, nan, nan
iceberg,fop,   1,64, 16,  8, nan, nan, nan, nan, nan, nan, nan
iceberg,fop,   0,64, 16,  8, 1709.906738, 1717.544434, 1734.759888, 1756.800293, 1768.969849, nan, nan
iceberg,fop, 0.5,64, 16,  8, 721.499939, 731.217529, 751.313538, 768.361450, 785.698792, nan, nan
iceberg,fop,0.75,64, 16,  8, 667.365662, 672.476135, 670.610107, 686.586609, 695.155396, nan, nan
iceberg,fop,   1,64, 16,  8, nan, nan, nan, nan, nan, nan, nan
iceberg,fop,   0,64, 16,  8, 1702.636230, 1718.149292, 1737.903809, 1756.079102, 1769.332520, nan, nan
iceberg,fop, 0.5,64, 16,  8, 714.086670, 729.562134, 749.162720, 766.635010, 785.077209, nan, nan
iceberg,fop,0.75,64, 16,  8, 673.162170, 670.237671, 670.162964, 673.241394, 695.799255, nan, nan
iceberg,fop,   1,64, 16,  8, nan, nan, nan, nan, nan, nan, nan
iceberg,fop,   0,64, 16,  8, 1701.943359, 1716.703125, 1733.705078, 1755.074951, 1767.957520, nan, nan
iceberg,fop, 0.5,64, 16,  8, 728.850037, 728.528625, 751.671326, 777.890991, 780.674683, nan, nan
iceberg,fop,0.75,64, 16,  8, 670.324646, 687.134888, 670.949585, 685.489319, 695.124390, nan, nan
iceberg,fop,   1,64, 16,  8, nan, nan, nan, nan, nan, nan, nan
cuckoo,find,   0,64, 16,  0, 43.622513, 44.898304, 48.566502, 57.289043, 65.052559, 76.536377, 93.801117
cuckoo,find, 0.5,64, 16,  0, 43.391888, 44.059193, 45.977577, 50.597885, 54.777599, 61.053726, 70.828377
cuckoo,find,0.75,64, 16,  0, 43.298370, 43.656746, 44.682922, 47.198105, 49.526329, 53.139114, 59.188679
cuckoo,find,   1,64, 16,  0, 43.194935, 43.295288, 43.522961, 44.027443, 44.538311, 45.541035, 47.987598
cuckoo,find,   0,64, 16,  0, 43.618874, 44.898533, 48.563087, 57.285175, 65.032532, 76.526367, 93.798859
cuckoo,find, 0.5,64, 16,  0, 43.394978, 44.058624, 45.959057, 50.588692, 54.778881, 61.035175, 70.823936
cuckoo,find,0.75,64, 16,  0, 43.294605, 43.656418, 44.679054, 47.198318, 49.526104, 53.136063, 59.188450
cuckoo,find,   1,64, 16,  0, 43.194481, 43.295849, 43.527054, 44.021194, 44.542084, 45.542625, 47.982365
cuckoo,find,   0,64, 16,  0, 43.606369, 44.903774, 48.570709, 57.275505, 65.054718, 76.529999, 93.811935
cuckoo,find, 0.5,64, 16,  0, 43.398815, 44.056576, 45.976917, 50.591515, 54.775127, 61.050510, 70.835770
cuckoo,find,0.75,64, 16,  0, 43.294834, 43.650620, 44.672909, 47.195137, 49.523369, 53.133995, 59.196640
cuckoo,find,   1,64, 16,  0, 43.195732, 43.296417, 43.522617, 44.019028, 44.536491, 45.546040, 47.978611
cuckoo,find,   0,64, 16,  0, 43.617863, 44.900238, 48.562515, 57.270840, 65.051193, 76.526588, 93.800812
cuckoo,find, 0.5,64, 16,  0, 43.387108, 44.054413, 45.958817, 50.600506, 54.769211, 61.052246, 70.833153
cuckoo,find,0.75,64, 16,  0, 43.296883, 43.658920, 44.674393, 47.186829, 49.516090, 53.139648, 59.193462
cuckoo,find,   1,64, 16,  0, 43.194031, 43.295403, 43.526031, 44.020397, 44.541950, 45.544220, 47.988052
cuckoo,find,   0,64, 16,  0, 43.609203, 44.901943, 48.566483, 57.275620, 65.054604, 76.522491, 93.800903
cuckoo,find, 0.5,64, 16,  0, 43.397915, 44.054527, 45.963379, 50.583549, 54.771912, 61.054295, 70.828926
cuckoo,find,0.75,64, 16,  0, 43.295631, 43.657669, 44.676437, 47.189106, 49.517685, 53.132973, 59.191521
cuckoo,find,   1,64, 16,  0, 43.194263, 43.296085, 43.525463, 44.024261, 44.546391, 45.540821, 47.977470
cuckoo,put,,64, 16,  0, 1555.255249, 1707.441406, 1852.458130, 2008.600098, 2090.576904, 2173.490479, 2259.700195
cuckoo,put,,64, 16,  0, 1555.508301, 1702.582275, 1869.217407, 2005.873901, 2086.004395, 2172.545898, 2250.727539
cuckoo,put,,64, 16,  0, 1560.597046, 1702.727539, 1853.280151, 2006.516235, 2105.396729, 2179.843994, 2257.188477
cuckoo,put,,64, 16,  0, 1557.941162, 1701.648315, 1854.042358, 2010.822266, 2086.561279, 2167.309570, 2256.897217
cuckoo,put,,64, 16,  0, 1560.295410, 1702.485596, 1858.365845, 2023.072876, 2092.676270, 2168.229004, 2270.300049
cuckoo,fop,   0,64, 16,  0, 2779.404541, 2829.409424, 2878.462158, 2935.147949, 2963.093018, 2996.934082, 3037.855957
cuckoo,fop, 0.5,64, 16,  0, 2348.466064, 2426.482178, 2457.211914, 2539.484131, 2539.033936, 2591.749512, 2617.847900
cuckoo,fop,0.75,64, 16,  0, 2434.816162, 2476.507812, 2433.117432, 2512.256592, 2494.863281, 2576.211426, 2582.229492
cuckoo,fop,   1,64, 16,  0, nan, nan, nan, nan, nan, nan, nan
cuckoo,fop,   0,64, 16,  0, 2696.625977, 2826.756592, 2878.222412, 2931.578857, 2960.624512, 2997.927979, 3038.772461
cuckoo,fop, 0.5,64, 16,  0, 2345.465088, 2427.022705, 2454.872803, 2539.138672, 2539.200195, 2606.876465, 2620.563477
cuckoo,fop,0.75,64, 16,  0, 2431.079834, 2475.750977, 2433.087646, 2508.758789, 2497.019043, 2579.499512, 2583.430908
cuckoo,fop,   1,64, 16,  0, nan, nan, nan, nan, nan, nan, nan
cuckoo,fop,   0,64, 16,  0, 2696.853760, 2828.949219, 2879.333252, 2933.664062, 2963.395752, 2998.288574, 3037.008789
cuckoo,fop, 0.5,64, 16,  0, 2341.778564, 2417.456787, 2449.220703, 2539.447998, 2541.305664, 2609.131836, 2619.966064
cuckoo,fop,0.75,64, 16,  0, 2434.032715, 2479.858398, 2430.206543, 2514.488037, 2498.423828, 2581.525635, 2578.152344
cuckoo,fop,   1,64, 16,  0, nan, nan, nan, nan, nan, nan, nan
cuckoo,fop,   0,64, 16,  0, 2700.919189, 2841.683594, 2894.656250, 2932.961914, 2963.134033, 2999.919922, 3039.190674
cuckoo,fop, 0.5,64, 16,  0, 2350.074951, 2427.135742, 2455.483398, 2541.052734, 2546.749023, 2607.437988, 2621.607178
cuckoo,fop,0.75,64, 16,  0, 2435.583008, 2482.541748, 2437.534912, 2514.888428, 2498.261230, 2585.051758, 2586.420654
cuckoo,fop,   1,64, 16,  0, nan, nan, nan, nan, nan, nan, nan
cuckoo,fop,   0,64, 16,  0, 2697.463867, 2834.459961, 2881.390625, 2935.128906, 2963.796875, 3001.114746, 3042.205322
cuckoo,fop, 0.5,64, 16,  0, 2351.650391, 2429.883301, 2457.699219, 2538.631836, 2545.770996, 2611.576172, 2623.674561
cuckoo,fop,0.75,64, 16,  0, 2439.943115, 2483.695557, 2437.834473, 2514.973877, 2499.821289, 2583.040039, 2579.237061
cuckoo,fop,   1,64, 16,  0, nan, nan, nan, nan, nan, nan, nan
iceberg,find,   0,16, 32, 16, 53.835320, 55.053768, 60.709663, 73.512962, 82.682770, 92.156815, nan
iceberg,find, 0.5,16, 32, 16, 52.828274, 53.460766, 57.074009, 66.205582, 73.073212, 81.121170, nan
iceberg,find,0.75,16, 32, 16, 52.216148, 52.661476, 54.776833, 60.756306, 65.513115, 71.336617, nan
iceberg,find,   1,16, 32, 16, 51.622478, 51.833744, 52.614372, 55.302597, 57.848240, 61.345451, nan
iceberg,find,   0,16, 32, 16, 54.098492, 55.249466, 60.587009, 73.516144, 82.677528, 92.208015, nan
iceberg,find, 0.5,16, 32, 16, 52.956501, 53.696171, 57.248543, 66.303871, 73.167076, 81.162125, nan
iceberg,find,0.75,16, 32, 16, 52.298294, 52.866844, 54.976738, 60.821507, 65.585037, 71.367226, nan
iceberg,find,   1,16, 32, 16, 51.691406, 51.879822, 52.644638, 55.425591, 57.950092, 61.463894, nan
iceberg,find,   0,16, 32, 16, 54.313301, 55.519802, 60.971916, 73.672478, 82.816338, 92.302452, nan
iceberg,find, 0.5,16, 32, 16, 53.017258, 53.870476, 57.303379, 66.344734, 73.268677, 81.225273, nan
iceberg,find,0.75,16, 32, 16, 52.463390, 52.898132, 55.004044, 60.952461, 65.667389, 71.508759, nan
iceberg,find,   1,16, 32, 16, 51.815083, 51.927494, 52.797684, 55.419449, 57.986618, 61.463093, nan
iceberg,find,   0,16, 32, 16, 54.382820, 55.486805, 61.056110, 73.743813, 82.830452, 92.300827, nan
iceberg,find, 0.5,16, 32, 16, 53.088367, 53.942730, 57.455044, 66.463631, 73.302467, 81.296043, nan
iceberg,find,0.75,16, 32, 16, 52.541679, 52.984035, 55.164474, 60.946091, 65.711784, 71.511040, nan
iceberg,find,   1,16, 32, 16, 51.870586, 52.031261, 52.704025, 55.580898, 57.998222, 61.544785, nan
iceberg,find,   0,16, 32, 16, 54.356651, 55.653034, 61.143608, 73.731529, 82.787209, 92.328392, nan
iceberg,find, 0.5,16, 32, 16, 53.178368, 53.854549, 57.427742, 66.435448, 73.283470, 81.270332, nan
iceberg,find,0.75,16, 32, 16, 52.519341, 52.997234, 55.161514, 60.998882, 65.716904, 71.532661, nan
iceberg,find,   1,16, 32, 16, 51.794945, 52.034416, 52.800282, 55.500801, 58.001297, 61.529541, nan
iceberg,put,,16, 32, 16, 106.163620, 127.474937, 149.573654, 173.727356, 187.201035, 201.849426, nan
iceberg,put,,16, 32, 16, 106.215057, 127.494713, 149.593552, 173.760590, 187.250549, 201.929276, nan
iceberg,put,,16, 32, 16, 106.087166, 127.478897, 149.529480, 173.713974, 187.189423, 201.809341, nan
iceberg,put,,16, 32, 16, 106.199516, 127.561241, 149.597580, 173.841248, 187.236633, 202.006256, nan
iceberg,put,,16, 32, 16, 106.202660, 127.457047, 149.565811, 173.649292, 187.134033, 201.747665, nan
iceberg,fop,   0,16, 32, 16, 160.290833, 170.682800, 181.782166, 195.104065, 203.213699, 212.467117, nan
iceberg,fop, 0.5,16, 32, 16, 109.566513, 119.404068, 130.152206, 143.290359, 151.286926, 160.542847, nan
iceberg,fop,0.75,16, 32, 16, 111.925018, 111.922867, 111.855522, 118.768623, 126.477989, 135.519180, nan
iceberg,fop,   1,16, 32, 16, nan, nan, nan, nan, nan, nan, nan
iceberg,fop,   0,16, 32, 16, 160.115005, 170.497711, 181.658157, 195.110001, 203.172989, 212.556396, nan
iceberg,fop, 0.5,16, 32, 16, 109.308014, 119.195625, 130.053528, 143.161331, 151.277786, 160.448563, nan
iceberg,fop,0.75,16, 32, 16, 111.746033, 111.830910, 111.772095, 118.659393, 126.352715, 135.448578, nan
iceberg,fop,   1,16, 32, 16, nan, nan, nan, nan, nan, nan, nan
iceberg,fop,   0,16, 32, 16, 160.011093, 170.542374, 181.663605, 195.144806, 203.266464, 212.572586, nan
iceberg,fop, 0.5,16, 32, 16, 109.375816, 119.214149, 130.102478, 143.226059, 151.272583, 160.483078, nan
iceberg,fop,0.75,16, 32, 16, 111.736839, 111.849358, 111.821930, 118.693199, 126.418716, 135.523651, nan
iceberg,fop,   1,16, 32, 16, nan, nan, nan, nan, nan, nan, nan
iceberg,fop,   0,16, 32, 16, 160.089294, 170.634216, 181.622543, 195.160248, 203.177933, 212.526764, nan
iceberg,fop, 0.5,16, 32, 16, 109.498260, 119.331474, 130.139343, 143.316177, 151.381561, 160.520737, nan
iceberg,fop,0.75,16, 32, 16, 111.935806, 112.105461, 111.922173, 118.739166, 126.471275, 135.563156, nan
iceberg,fop,   1,16, 32, 16, nan, nan, nan, nan, nan, nan, nan
iceberg,fop,   0,16, 32, 16, 160.128540, 170.519745, 181.682632, 195.096939, 203.220840, 212.523804, nan
iceberg,fop, 0.5,16, 32, 16, 109.500763, 119.258759, 130.080307, 143.293900, 151.324646, 160.449768, nan
iceberg,fop,0.75,16, 32, 16, 111.854698, 112.010490, 111.905746, 118.736435, 126.524414, 135.573044, nan
iceberg,fop,   1,16, 32, 16, nan, nan, nan, nan, nan, nan, nan
iceberg,find,   0,32, 32, 16, 55.613895, 56.892193, 62.338848, 75.390289, 84.583199, 94.270355, nan
iceberg,find, 0.5,32, 32, 16, 54.871155, 55.666458, 59.102554, 68.219559, 75.203812, 83.254158, nan
iceberg,find,0.75,32, 32, 16, 54.482147, 54.978447, 57.108364, 62.976082, 67.747498, 73.558136, nan
iceberg,find,   1,32, 32, 16, 54.159359, 54.295551, 55.132389, 57.667698, 60.188442, 63.667194, nan
iceberg,find,   0,32, 32, 16, 55.593075, 56.795799, 62.217556, 75.320656, 84.562943, 94.263184, nan
iceberg,find, 0.5,32, 32, 16, 54.879684, 55.521736, 59.118931, 68.221725, 75.167175, 83.242096, nan
iceberg,find,0.75,32, 32, 16, 54.356880, 54.957966, 57.040325, 62.946186, 67.718597, 73.532639, nan
iceberg,find,   1,32, 32, 16, 54.116806, 54.273018, 54.992443, 57.705811, 60.230209, 63.638412, nan
iceberg,find,   0,32, 32, 16, 55.493858, 56.773064, 62.332928, 75.319298, 84.561241, 94.183990, nan
iceberg,find, 0.5,32, 32, 16, 54.864555, 55.598194, 59.111423, 68.205566, 75.133156, 83.228226, nan
iceberg,find,0.75,32, 32, 16, 54.476002, 54.959217, 57.104946, 62.962688, 67.687889, 73.520813, nan
iceberg,find,   1,32, 32, 16, 54.095985, 54.206661, 54.993351, 57.643921, 60.269424, 63.653320, nan
iceberg,find,   0,32, 32, 16, 55.589546, 56.810612, 62.218010, 75.316910, 84.516411, 94.228821, nan
iceberg,find, 0.5,32, 32, 16, 54.852154, 55.670444, 59.124851, 68.212280, 75.173546, 83.241982, nan
iceberg,find,0.75,32, 32, 16, 54.548706, 54.955006, 57.035435, 62.875420, 67.729973, 73.520126, nan
iceberg,find,   1,32, 32, 16, 54.093937, 54.297699, 55.059681, 57.734146, 60.139858, 63.670158, nan
iceberg,find,   0,32, 32, 16, 55.529701, 56.759296, 62.218811, 75.316452, 84.516068, 94.428841, nan
iceberg,find, 0.5,32, 32, 16, 54.940105, 55.560760, 59.096722, 68.159149, 75.143280, 83.228218, nan
iceberg,find,0.75,32, 32, 16, 54.483742, 54.973667, 57.020874, 62.966213, 67.743744, 73.542770, nan
iceberg,find,   1,32, 32, 16, 54.086315, 54.167892, 55.046371, 57.680099, 60.136673, 63.651840, nan
iceberg,put,,32, 32, 16, 111.492516, 133.884827, 157.144821, 182.681213, 197.176254, 212.964890, nan
iceberg,put,,32, 32, 16, 111.559868, 134.010864, 157.189880, 182.848465, 197.274811, 213.136139, nan
iceberg,put,,32, 32, 16, 111.504929, 133.930054, 157.133835, 182.714752, 197.230026, 212.912109, nan
iceberg,put,,32, 32, 16, 111.510017, 133.970627, 157.085022, 182.627472, 197.096985, 212.780212, nan
iceberg,put,,32, 32, 16, 111.562309, 133.951263, 157.131638, 182.820282, 197.175064, 213.020569, nan
iceberg,fop,   0,32, 32, 16, 167.291321, 178.089294, 189.860428, 204.141800, 213.169907, 223.287735, nan
iceberg,fop, 0.5,32, 32, 16, 143.392166, 124.049522, 165.116486, 149.117615, 187.795013, 167.747910, nan
iceberg,fop,0.75,32, 32, 16, 376.740234, 377.271179, 376.937347, 122.866180, 131.321274, 140.656265, nan
iceberg,fop,   1,32, 32, 16, nan, nan, nan, nan, nan, nan, nan
iceberg,fop,   0,32, 32, 16, 166.813904, 177.939362, 189.916214, 204.200943, 213.236008, 223.510437, nan
iceberg,fop, 0.5,32, 32, 16, 372.116974, 123.885094, 164.862305, 149.187500, 187.492569, 167.714691, nan
iceberg,fop,0.75,32, 32, 16, 423.471771, 407.864746, 377.701294, 390.824646, 131.399887, 407.016235, nan
iceberg,fop,   1,32, 32, 16, nan, nan, nan, nan, nan, nan, nan
iceberg,fop,   0,32, 32, 16, 167.082901, 178.070160, 189.927841, 204.243149, 213.077454, 223.466385, nan
iceberg,fop, 0.5,32, 32, 16, 367.719604, 286.959259, 298.080078, 312.533600, 319.412903, 339.347687, nan
iceberg,fop,0.75,32, 32, 16, 376.782623, 374.569946, 375.593811, 390.542908, 131.255295, 409.169128, nan
iceberg,fop,   1,32, 32, 16, nan, nan, nan, nan, nan, nan, nan
iceberg,fop,   0,32, 32, 16, 167.052750, 178.062164, 189.792587, 204.242004, 213.164200, 223.427094, nan
iceberg,fop, 0.5,32, 32, 16, 376.198608, 291.178711, 296.097229, 329.223938, 322.048309, 331.143860, nan
iceberg,fop,0.75,32, 32, 16, 404.877808, 385.154358, 376.142731, 389.817474, 131.927475, 410.009033, nan
iceberg,fop,   1,32, 32, 16, nan, nan, nan, nan, nan, nan, nan
iceberg,fop,   0,32, 32, 16, 166.936020, 178.253662, 189.728165, 204.191238, 213.178665, 223.416031, nan
iceberg,fop, 0.5,32, 32, 16, 382.315369, 291.616241, 298.915955, 316.092651, 321.947418, 334.467926, nan
iceberg,fop,0.75,32, 32, 16, 389.898224, 374.534332, 374.610474, 393.156464, 399.903687, 409.671265, nan
iceberg,fop,   1,32, 32, 16, nan, nan, nan, nan, nan, nan, nan
cuckoo,find,   0,32, 32,  0, 49.491879, 49.554661, 51.099171, 56.473145, 62.361259, 73.056488, 92.978973
cuckoo,find, 0.5,32, 32,  0, 48.974167, 49.076988, 49.919884, 52.743256, 56.359142, 62.761868, 74.537437
cuckoo,find,0.75,32, 32,  0, 48.602898, 48.760830, 49.176235, 50.855366, 52.900036, 56.596912, 63.885540
cuckoo,find,   1,32, 32,  0, 48.187050, 48.402885, 48.419388, 48.901314, 49.306168, 50.492874, 52.997234
cuckoo,find,   0,32, 32,  0, 49.521210, 49.731243, 51.087929, 56.402145, 62.464111, 73.082306, 93.091042
cuckoo,find, 0.5,32, 32,  0, 48.878136, 49.093632, 49.874260, 52.645657, 56.354019, 62.768242, 74.557777
cuckoo,find,0.75,32, 32,  0, 48.633514, 48.684715, 49.100906, 50.778679, 52.844772, 56.574635, 63.827286
cuckoo,find,   1,32, 32,  0, 48.281029, 48.266582, 48.412216, 48.689495, 49.212532, 50.400818, 52.996437
cuckoo,find,   0,32, 32,  0, 49.540550, 49.762871, 51.210583, 56.526962, 62.508713, 73.231224, 93.200722
cuckoo,find, 0.5,32, 32,  0, 48.851059, 49.045277, 49.816692, 52.811436, 56.328762, 62.699409, 74.566315
cuckoo,find,0.75,32, 32,  0, 48.617813, 48.691315, 48.979740, 50.833862, 52.859905, 56.643017, 63.868130
cuckoo,find,   1,32, 32,  0, 48.329159, 48.353283, 48.482872, 48.776192, 49.238102, 50.380005, 52.908943
cuckoo,find,   0,32, 32,  0, 49.513588, 49.823860, 51.236069, 56.510777, 62.587906, 73.251381, 93.361382
cuckoo,find, 0.5,32, 32,  0, 48.952660, 49.120937, 49.891685, 52.918728, 56.404083, 62.769035, 74.574394
cuckoo,find,0.75,32, 32,  0, 48.657295, 48.745811, 49.145287, 50.862766, 52.897594, 56.681229, 63.916489
cuckoo,find,   1,32, 32,  0, 48.310383, 48.439980, 48.492996, 48.841160, 49.350769, 50.378525, 52.939548
cuckoo,find,   0,32, 32,  0, 49.519501, 49.835918, 51.059807, 56.411934, 62.458515, 73.204742, 93.303802
cuckoo,find, 0.5,32, 32,  0, 48.986454, 49.125946, 49.851166, 52.849552, 56.381660, 62.809795, 74.594193
cuckoo,find,0.75,32, 32,  0, 48.641590, 48.727268, 49.103870, 50.800980, 52.845100, 56.637192, 63.822048
cuckoo,find,   1,32, 32,  0, 48.289337, 48.435791, 48.501389, 48.808968, 49.296726, 50.389332, 52.933857
cuckoo,put,,32, 32,  0, 99.062187, 118.969444, 139.079681, 160.480728, 172.697479, 187.225388, 207.832260
cuckoo,put,,32, 32,  0, 99.134987, 118.996269, 139.169495, 160.596603, 172.746002, 187.300842, 207.888184
cuckoo,put,,32, 32,  0, 99.119537, 118.961021, 139.102173, 160.564880, 172.762802, 187.222778, 207.928101
cuckoo,put,,32, 32,  0, 99.208847, 119.049057, 139.122864, 160.616074, 172.795227, 187.365585, 207.774246
cuckoo,put,,32, 32,  0, 99.203392, 119.059883, 139.198105, 160.657791, 172.813629, 187.428833, 208.006119
cuckoo,fop,   0,32, 32,  0, 2325.214111, 2393.594727, 2437.493408, 2412.250244, 2485.120361, 2512.904053, 2549.390137
cuckoo,fop, 0.5,32, 32,  0, 2140.019287, 2173.579102, 2225.867920, 2251.201416, 2297.305420, 2310.297607, 2344.364014
cuckoo,fop,0.75,32, 32,  0, 2242.383057, 2121.929443, 2240.049561, 2174.858154, 2298.964355, 2274.249512, 2370.460938
cuckoo,fop,   1,32, 32,  0, nan, nan, nan, nan, nan, nan, nan
cuckoo,fop,   0,32, 32,  0, 2316.841064, 2392.772217, 2310.239746, 2487.839844, 2465.202148, 2516.255371, 2552.307617
cuckoo,fop, 0.5,32, 32,  0, 2142.330566, 2149.302490, 2222.542480, 2302.037842, 2280.508789, 2301.062988, 2351.664551
cuckoo,fop,0.75,32, 32,  0, 2156.154053, 2230.133545, 2225.460449, 2238.915039, 2238.951904, 2330.324463, 2276.896240
cuckoo,fop,   1,32, 32,  0, nan, nan, nan, nan, nan, nan, nan
cuckoo,fop,   0,32, 32,  0, 2469.122070, 2366.816895, 2437.983887, 2488.564941, 2515.090576, 2511.458008, 2551.282959
cuckoo,fop, 0.5,32, 32,  0, 2140.713135, 2179.144287, 2222.022217, 2303.409180, 2281.101562, 2308.257568, 2351.750488
cuckoo,fop,0.75,32, 32,  0, 2151.008545, 2226.960693, 2229.489990, 2235.786133, 2233.951416, 2332.524658, 2267.182617
cuckoo,fop,   1,32, 32,  0, nan, nan, nan, nan, nan, nan, nan
cuckoo,fop,   0,32, 32,  0, 2468.139404, 2366.405029, 2437.234863, 2410.454102, 2486.548584, 2513.127930, 2549.584229
cuckoo,fop, 0.5,32, 32,  0, 2171.170410, 2178.171387, 2223.985352, 2304.306396, 2279.916992, 2297.585449, 2350.602539
cuckoo,fop,0.75,32, 32,  0, 2160.428711, 2235.668457, 2225.333252, 2266.489502, 2226.302734, 2334.097656, 2298.163330
cuckoo,fop,   1,32, 32,  0, nan, nan, nan, nan, nan, nan, nan
cuckoo,fop,   0,32, 32,  0, 2469.760254, 2365.394775, 2439.688965, 2414.220459, 2486.454590, 2518.968018, 2550.751709
cuckoo,fop, 0.5,32, 32,  0, 2142.118164, 2179.943115, 2222.612793, 2301.456055, 2302.974854, 2278.705322, 2349.306885
cuckoo,fop,0.75,32, 32,  0, 2148.280762, 2234.062500, 2225.141846, 2267.172852, 2204.757812, 2331.438477, 2265.533203
cuckoo,fop,   1,32, 32,  0, nan, nan, nan, nan, nan, nan, nan
iceberg,find,   0,64, 32, 16, 91.882156, 93.610443, 101.222397, 118.058075, 128.952301, 140.097763, nan
iceberg,find, 0.5,64, 32, 16, 91.791130, 92.807846, 97.600372, 109.436127, 117.935791, 127.492889, nan
iceberg,find,0.75,64, 32, 16, 91.748238, 92.328278, 95.219482, 102.867516, 108.775543, 115.832603, nan
iceberg,find,   1,64, 32, 16, 91.699066, 91.859856, 92.862457, 96.296616, 99.475121, 103.766930, nan
iceberg,find,   0,64, 32, 16, 91.864525, 93.605438, 101.195206, 118.053658, 128.947540, 140.095154, nan
iceberg,find, 0.5,64, 32, 16, 91.798042, 92.814110, 97.603813, 109.422668, 117.932602, 127.479126, nan
iceberg,find,0.75,64, 32, 16, 91.743462, 92.344086, 95.236778, 102.876274, 108.775085, 115.826454, nan
iceberg,find,   1,64, 32, 16, 91.698280, 91.854843, 92.864853, 96.294540, 99.471024, 103.744057, nan
iceberg,find,   0,64, 32, 16, 91.872482, 93.598267, 101.216362, 118.040924, 128.930817, 140.083435, nan
iceberg,find, 0.5,64, 32, 16, 91.779869, 92.815819, 97.615990, 109.422478, 117.933853, 127.468781, nan
iceberg,find,0.75,64, 32, 16, 91.752106, 92.331223, 95.243011, 102.882416, 108.771667, 115.823959, nan
iceberg,find,   1,64, 32, 16, 91.707428, 91.855759, 92.857910, 96.313911, 99.470108, 103.754639, nan
iceberg,find,   0,64, 32, 16, 91.867027, 93.611237, 101.207619, 118.043648, 128.946960, 140.089676, nan
iceberg,find, 0.5,64, 32, 16, 91.786240, 92.810013, 97.605057, 109.424294, 117.917465, 127.463654, nan
iceberg,find,0.75,64, 32, 16, 91.753586, 92.337379, 95.224152, 102.871613, 108.774399, 115.825897, nan
iceberg,find,   1,64, 32, 16, 91.695900, 91.866676, 92.864166, 96.295929, 99.475891, 103.752930, nan
iceberg,find,   0,64, 32, 16, 91.862358, 93.598038, 101.207954, 118.043266, 128.954025, 140.092529, nan
iceberg,find, 0.5,64, 32, 16, 91.776001, 92.805092, 97.603363, 109.413719, 117.931236, 127.473549, nan
iceberg,find,0.75,64, 32, 16, 91.742775, 92.330101, 95.212204, 102.889702, 108.775192, 115.823975, nan
iceberg,find,   1,64, 32, 16, 91.707733, 91.860077, 92.857910, 96.301033, 99.469879, 103.760895, nan
iceberg,put,,64, 32, 16, 1707.252441, 1901.115723, 2081.707275, 2235.657715, 2339.258301, 2410.341064, nan
iceberg,put,,64, 32, 16, 1705.219116, 1881.929077, 2064.293701, 2250.498047, 2328.256348, 2455.228516, nan
iceberg,put,,64, 32, 16, 1735.729980, 1914.272827, 2086.017578, 2275.151123, 2369.149902, 2456.353027, nan
iceberg,put,,64, 32, 16, 1729.938477, 1884.177979, 2095.356934, 2236.507080, 2330.146240, 2423.646973, nan
iceberg,put,,64, 32, 16, 1720.116577, 1943.254761, 2095.510742, 2275.712402, 2323.657471, 2414.934326, nan
iceberg,fop,   0,64, 32, 16, 1821.104614, 1855.816162, 1865.951416, 1888.140015, 1883.909668, 1908.599854, nan
iceberg,fop, 0.5,64, 32, 16, 828.296082, 850.308350, 867.745422, 890.205811, 903.982727, 922.010864, nan
iceberg,fop,0.75,64, 32, 16, 799.263611, 791.155945, 774.288330, 806.374451, 824.892334, 810.929443, nan
iceberg,fop,   1,64, 32, 16, nan, nan, nan, nan, nan, nan, nan
iceberg,fop,   0,64, 32, 16, 1843.553833, 1839.519531, 1854.680176, 1880.192871, 1889.725220, 1911.818604, nan
iceberg,fop, 0.5,64, 32, 16, 825.912537, 843.550964, 878.889893, 882.589661, 894.423767, 906.795227, nan
iceberg,fop,0.75,64, 32, 16, 788.384033, 793.772217, 783.592224, 805.006592, 818.832703, 831.884094, nan
iceberg,fop,   1,64, 32, 16, nan, nan, nan, nan, nan, nan, nan
iceberg,fop,   0,64, 32, 16, 1822.151733, 1834.932251, 1872.651001, 1880.556641, 1888.517334, 1906.249390, nan
iceberg,fop, 0.5,64, 32, 16, 838.206726, 842.650635, 864.855347, 889.121643, 896.480652, 898.976135, nan
iceberg,fop,0.75,64, 32, 16, 792.880676, 786.760864, 801.377747, 798.003479, 818.975525, 830.514526, nan
iceberg,fop,   1,64, 32, 16, nan, nan, nan, nan, nan, nan, nan
iceberg,fop,   0,64, 32, 16, 1833.537354, 1845.687012, 1866.084595, 1872.557251, 1888.447510, 1900.831787, nan
iceberg,fop, 0.5,64, 32, 16, 845.598694, 861.428284, 849.288818, 885.171326, 910.534058, 907.921143, nan
iceberg,fop,0.75,64, 32, 16, 801.414612, 815.588684, 810.508545, 809.229492, 807.588257, 832.612610, nan
iceberg,fop,   1,64, 32, 16, nan, nan, nan, nan, nan, nan, nan
iceberg,fop,   0,64, 32, 16, 1822.071411, 1841.764526, 1851.395874, 1881.408203, 1888.372803, 1908.536011, nan
iceberg,fop, 0.5,64, 32, 16, 828.890991, 843.744751, 866.879944, 882.465576, 894.264526, 908.719360, nan
iceberg,fop,0.75,64, 32, 16, 812.312744, 794.848389, 809.594360, 800.116028, 811.151733, 823.739380, nan
iceberg,fop,   1,64, 32, 16, nan, nan, nan, nan, nan, nan, nan
cuckoo,find,   0,64, 32,  0, 81.555450, 81.883476, 84.222290, 93.744583, 104.975929, 124.929596, 161.098297
cuckoo,find, 0.5,64, 32,  0, 81.523163, 81.693924, 82.945023, 88.126350, 94.365356, 105.614449, 126.197075
cuckoo,find,0.75,64, 32,  0, 81.508575, 81.609726, 82.265884, 85.068916, 88.534698, 94.847321, 106.565704
cuckoo,find,   1,64, 32,  0, 81.501671, 81.521889, 81.575363, 82.016373, 82.671837, 83.996330, 86.682854
cuckoo,find,   0,64, 32,  0, 81.543732, 81.893486, 84.226616, 93.754707, 104.968414, 124.929131, 161.074524
cuckoo,find, 0.5,64, 32,  0, 81.531906, 81.702454, 82.935349, 88.136475, 94.379242, 105.608170, 126.197281
cuckoo,find,0.75,64, 32,  0, 81.517227, 81.613937, 82.259064, 85.090073, 88.537430, 94.857445, 106.566658
cuckoo,find,   1,64, 32,  0, 81.495834, 81.517456, 81.571953, 82.020470, 82.676620, 84.000534, 86.692177
cuckoo,find,   0,64, 32,  0, 81.548973, 81.893715, 84.234352, 93.749130, 104.971489, 124.938095, 161.072372
cuckoo,find, 0.5,64, 32,  0, 81.529968, 81.705528, 82.942863, 88.115654, 94.362053, 105.616844, 126.191612
cuckoo,find,0.75,64, 32,  0, 81.525536, 81.607338, 82.269409, 85.062538, 88.523438, 94.841400, 106.566658
cuckoo,find,   1,64, 32,  0, 81.508812, 81.516769, 81.577415, 82.012726, 82.660240, 83.994621, 86.689224
cuckoo,find,   0,64, 32,  0, 81.545563, 81.900093, 84.242661, 93.742989, 104.957047, 124.906723, 161.082596
cuckoo,find, 0.5,64, 32,  0, 81.521439, 81.698586, 82.937851, 88.124077, 94.358864, 105.600456, 126.199585
cuckoo,find,0.75,64, 32,  0, 81.513359, 81.604607, 82.251549, 85.076538, 88.527420, 94.843903, 106.560654
cuckoo,find,   1,64, 32,  0, 81.517342, 81.515526, 81.574905, 82.011253, 82.665588, 83.994965, 86.687973
cuckoo,find,   0,64, 32,  0, 81.548256, 81.893265, 84.243225, 93.753914, 104.971924, 124.948029, 161.080200
cuckoo,find, 0.5,64, 32,  0, 81.526558, 81.703369, 82.947067, 88.127373, 94.365242, 105.639130, 126.200943
cuckoo,find,0.75,64, 32,  0, 81.502686, 81.614487, 82.262787, 85.077332, 88.531853, 94.857101, 106.573822
cuckoo,find,   1,64, 32,  0, 81.507332, 81.520416, 81.587433, 82.010452, 82.668312, 83.996674, 86.688766
cuckoo,put,,64, 32,  0, 1632.519775, 1778.006104, 1937.543823, 2100.239746, 2179.042969, 2263.364990, 2387.805420
cuckoo,put,,64, 32,  0, 1624.972778, 1805.126831, 1942.880615, 2104.293945, 2180.180420, 2263.018555, 2356.838623
cuckoo,put,,64, 32,  0, 1620.547241, 1779.013916, 1937.951660, 2099.580811, 2176.082031, 2263.461426, 2355.441162
cuckoo,put,,64, 32,  0, 1620.734985, 1779.187866, 1938.027832, 2105.732910, 2216.467529, 2261.656738, 2366.361572
cuckoo,put,,64, 32,  0, 1628.196777, 1791.316406, 1941.661621, 2062.535889, 2148.119873, 2222.113770, 2318.278076
cuckoo,fop,   0,64, 32,  0, 2831.455811, 2891.938477, 2954.290039, 3016.554199, 3050.344482, 3083.864014, 3131.372803
cuckoo,fop, 0.5,64, 32,  0, 2382.834473, 2450.270020, 2511.586670, 2572.705811, 2607.032715, 2640.903320, 2687.845947
cuckoo,fop,0.75,64, 32,  0, 2528.620117, 2534.485596, 2530.328369, 2567.325684, 2605.670654, 2640.132324, 2687.431152
cuckoo,fop,   1,64, 32,  0, nan, nan, nan, nan, nan, nan, nan
cuckoo,fop,   0,64, 32,  0, 2835.484863, 2893.313721, 2953.742432, 3013.859375, 3048.221191, 3083.619873, 3128.886230
cuckoo,fop, 0.5,64, 32,  0, 2384.856689, 2452.880615, 2510.485596, 2578.156738, 2605.350098, 2645.914307, 2689.756348
cuckoo,fop,0.75,64, 32,  0, 2533.941162, 2528.577881, 2530.707031, 2566.087891, 2604.172363, 2643.985596, 2684.793457
cuckoo,fop,   1,64, 32,  0, nan, nan, nan, nan, nan, nan, nan
cuckoo,fop,   0,64, 32,  0, 2836.688721, 2897.710449, 2953.647461, 3015.312256, 3049.020508, 3086.442383, 3128.621094
cuckoo,fop, 0.5,64, 32,  0, 2384.918945, 2452.449707, 2510.815918, 2576.639648, 2606.586670, 2644.623779, 2690.381104
cuckoo,fop,0.75,64, 32,  0, 2530.363525, 2533.384521, 2530.253418, 2571.849121, 2604.927490, 2642.000732, 2685.547852
cuckoo,fop,   1,64, 32,  0, nan, nan, nan, nan, nan, nan, nan
cuckoo,fop,   0,64, 32,  0, 2835.163086, 2892.274414, 2956.705322, 3015.187988, 3045.198242, 3084.600586, 3128.355469
cuckoo,fop, 0.5,64, 32,  0, 2385.593506, 2453.639648, 2512.237305, 2577.312500, 2606.524414, 2644.569580, 2692.709717
cuckoo,fop,0.75,64, 32,  0, 2532.206055, 2532.346680, 2531.847900, 2571.215820, 2603.138428, 2640.177246, 2689.137451
cuckoo,fop,   1,64, 32,  0, nan, nan, nan, nan, nan, nan, nan
cuckoo,fop,   0,64, 32,  0, 2836.608154, 2894.889648, 2952.508301, 3017.569092, 3047.184814, 3085.992920, 3129.884033
cuckoo,fop, 0.5,64, 32,  0, 2384.760742, 2450.780518, 2511.531982, 2575.148193, 2608.482666, 2645.374023, 2690.242676
cuckoo,fop,0.75,64, 32,  0, 2534.602783, 2536.303467, 2532.489990, 2573.176758, 2609.089355, 2644.362305, 2692.174561
cuckoo,fop,   1,64, 32,  0, nan, nan, nan, nan, nan, nan, nan
